user_id,category_id,sample_size,n_components,mse,r2,aic,bic
665753,383749,465,3,4.740439263635701e-05,0.9963642021464166,-459.9261917713869,-443.0853826732159
98646,3674154,511,6,0.00029762469615759963,0.947551105555946,-353.7445091542951,-320.0628909579531
116139,2131531,644,6,5.882168033828655e-05,0.9370394391709753,-431.5680027735143,-397.8863845771723
391194,3230909,482,5,0.0004319915160031374,0.9244352954808843,-341.8610212221425,-313.7930060585241
255396,4756105,522,6,0.0004043442767353912,0.9126111240924966,-339.03570589232834,-305.3540876959863
